{
  "project_info": {
    "project_number": "586461135808",
    "project_id": "proyecto-vetturnos",
    "storage_bucket": "proyecto-vetturnos.firebasestorage.app"
  },
  "client": [
    {
      "client_info": {
        "mobilesdk_app_id": "1:586461135808:android:87f24adf421ddd9ea43e25",
        "android_client_info": {
          "package_name": "com.tuempresa.vetturnos"
        }
      },
      "oauth_client": [],
      "api_key": [
        {
          "current_key": "AIzaSyDuykFLvcquXgSFRSLJIyKtyZ5AqCyk_6M"
        }
      ],
      "services": {
        "appinvite_service": {
          "other_platform_oauth_client": []
        }
      }
    }
  ],
  "configuration_version": "1"
}